"runID","substrateID","substrateSeq","digestTime","pepSeq","productType","spliceType","positions","scanNum","rank","ionScore","qValue","charge","PTM"
"TSN2-4-1","TSN2","VSRQLRTKAWNRQLYPEWTEAQR","4","VSRQLQLYPEW","PSP","cis","1_5_13_18",11773,1,20.55,0.011,2,""
"TSN2-4-1","TSN2","VSRQLRTKAWNRQLYPEWTEAQR","4","YYPEWTEAQR","PSP","trans","15_15_15_23",14295,1,20.56,0.0088,2,""
"TSN2-4-1","TSN2","VSRQLRTKAWNRQLYPEWTEAQR","4","QLRTKAWNRQLYPEWTEAVSRQL","PSP","trans","4_21_1_5",10076,1,20.56,0.012,4,""
"TSN2-4-1","TSN2","VSRQLRTKAWNRQLYPEWTEAQR","4","VSRQLRTKAW","PCP",NA,"1_10",2852,1,20.57,0.012,2,""
"TSN2-4-1","TSN2","VSRQLRTKAWNRQLYPEWTEAQR","4","AWNRQLYPEWTEVS","PSP","revCis","9_20_1_2",11161,1,20.76,0.0084,2,""
"TSN2-4-1","TSN2","VSRQLRTKAWNRQLYPEWTEAQR","4","QLYPEWEA","PSP","cis","13_18_20_21",12540,1,21.36,0.0073,2,""
"TSN2-4-1","TSN2","VSRQLRTKAWNRQLYPEWTEAQR","4","PEWTEAQTKAWNRQLYPEWTEAQR","PSP","trans","16_22_7_23",10075,1,21.38,0.0073,4,""
"TSN2-4-1","TSN2","VSRQLRTKAWNRQLYPEWTEAQR","4","AWNRQLQL","PSP","revCis;trans","9_14_4_5;9_14_13_14",8556,1,21.39,0.0073,2,""
"TSN2-4-1","TSN2","VSRQLRTKAWNRQLYPEWTEAQR","4","KQLYPEWTEA","PSP","cis","8_8_13_21",8924,1,21.51,0.0071,2,""
"TSN2-4-1","TSN2","VSRQLRTKAWNRQLYPEWTEAQR","4","QLAWNRQLYPEWTEA","PSP","cis;trans","4_5_9_21;13_14_9_21",13152,1,21.77,0.0073,2,""
"TSN2-4-1","TSN2","VSRQLRTKAWNRQLYPEWTEAQR","4","RTKAWNRQLYPEWEAQR","PSP","cis","6_18_20_23",5520,1,20.06,0.011,4,""
"TSN2-4-1","TSN2","VSRQLRTKAWNRQLYPEWTEAQR","4","VSRQLQLRT","PSP","trans","1_5_4_7",3341,1,21.96,0.0064,3,""
"TSN2-4-1","TSN2","VSRQLRTKAWNRQLYPEWTEAQR","4","PEWTEAQQLRT","PSP","revCis","16_22_4_7",20557,1,22,0.0063,2,"2 Deamidated (NQ)"
"TSN2-4-1","TSN2","VSRQLRTKAWNRQLYPEWTEAQR","4","NRQYPEWTEAQR","PSP","cis","11_13_15_23",13212,1,22.57,0.0055,2,""
"TSN2-4-1","TSN2","VSRQLRTKAWNRQLYPEWTEAQR","4","LYPEWTEAVSRQLRTK","PSP","revCis","14_21_1_8",9339,1,22.64,0.0087,4,""
"TSN2-4-1","TSN2","VSRQLRTKAWNRQLYPEWTEAQR","4","QLYQLYPEWTEA","PSP","trans","13_15_13_21",13624,1,22.78,0.0053,2,"2 Deamidated (NQ)"
"TSN2-4-1","TSN2","VSRQLRTKAWNRQLYPEWTEAQR","4","AWNRQLYPEWTEAAW","PSP","trans","9_21_9_10",14319,1,22.93,0.0051,2,""
"TSN2-4-1","TSN2","VSRQLRTKAWNRQLYPEWTEAQR","4","VSRQLRTKAWNRQLYPEW","PCP",NA,"1_18",6800,1,20.02,0.027,2,""
"TSN2-4-1","TSN2","VSRQLRTKAWNRQLYPEWTEAQR","4","QLYPEWTEAVSRQLRTKA","PSP","revCis","13_21_1_9",10078,1,23.33,0.0046,4,""
"TSN2-4-1","TSN2","VSRQLRTKAWNRQLYPEWTEAQR","4","SRQLAWNR","PSP","cis","2_5_9_12",3265,1,23.37,0.0046,3,""
"TSN2-4-1","TSN2","VSRQLRTKAWNRQLYPEWTEAQR","4","YPEWTEAKA","PSP","revCis","15_21_8_9",6953,1,23.51,0.0045,2,""
"TSN2-4-1","TSN2","VSRQLRTKAWNRQLYPEWTEAQR","4","RTKAWNRQLYPEWTEAVS","PSP","revCis","6_21_1_2",8453,1,23.68,0.0094,4,""
"TSN2-4-1","TSN2","VSRQLRTKAWNRQLYPEWTEAQR","4","WNRQLY","PCP",NA,"10_15",6164,1,23.84,0.0041,2,""
"TSN2-4-1","TSN2","VSRQLRTKAWNRQLYPEWTEAQR","4","QLYPEWTEAVSRQLRT","PSP","revCis","13_21_1_7",11448,1,24.03,0.004,3,""
"TSN2-4-1","TSN2","VSRQLRTKAWNRQLYPEWTEAQR","4","RTKAWNRYPEWTEAQR","PSP","cis","6_12_15_23",6281,1,25.05,0.0047,4,""
"TSN2-4-1","TSN2","VSRQLRTKAWNRQLYPEWTEAQR","4","NRQLYPEWQLY","PSP","trans","11_18_13_15",12376,1,25.24,0.003,2,""
"TSN2-4-1","TSN2","VSRQLRTKAWNRQLYPEWTEAQR","4","WTEAQWNRQLYPEWTEAQR","PSP","trans","18_22_10_23",10133,1,25.27,0.003,3,""
"TSN2-4-1","TSN2","VSRQLRTKAWNRQLYPEWTEAQR","4","VSRQLAW","PSP","cis","1_5_9_10",6737,1,25.9,0.0026,2,""
"TSN2-4-1","TSN2","VSRQLRTKAWNRQLYPEWTEAQR","4","TESRQLRTKAWNRQLYPEWTEAQR","PSP","trans","19_20_2_23",6308,1,22.34,0.025,6,"3 Deamidated (NQ)"
"TSN2-4-1","TSN2","VSRQLRTKAWNRQLYPEWTEAQR","4","SRQLRTKAWNRQLYPEWTEA","PCP",NA,"2_21",6855,2,21.96,0.022,2,""
"TSN2-4-1","TSN2","VSRQLRTKAWNRQLYPEWTEAQR","4","PEWTEARTKAW","PSP","revCis","16_21_6_10",6403,1,26.32,0.0023,3,""
"TSN2-4-1","TSN2","VSRQLRTKAWNRQLYPEWTEAQR","4","YPEWTEQL","PSP","revCis;revCis","15_20_4_5;15_20_13_14",13294,1,26.52,0.0022,2,""
"TSN2-4-1","TSN2","VSRQLRTKAWNRQLYPEWTEAQR","4","AWNRQLYPEWTEAY","PSP","trans","9_21_15_15",12662,1,26.53,0.0022,2,""
"TSN2-4-1","TSN2","VSRQLRTKAWNRQLYPEWTEAQR","4","WNRQQLYPEWTEA","PSP","trans","10_13_13_21",11113,1,26.74,0.0034,2,""
"TSN2-4-1","TSN2","VSRQLRTKAWNRQLYPEWTEAQR","4","PEWTEAYPEW","PSP","trans","16_21_15_18",15059,1,26.99,0.002,2,""
"TSN2-4-1","TSN2","VSRQLRTKAWNRQLYPEWTEAQR","4","NRQLYPEWTEAVSR","PSP","revCis","11_21_1_3",8338,1,27.01,0.002,2,""
"TSN2-4-1","TSN2","VSRQLRTKAWNRQLYPEWTEAQR","4","RTKAWNRQLYPEWTEAKAWNR","PSP","trans","6_21_8_12",6844,1,27.36,0.0051,5,""
"TSN2-4-1","TSN2","VSRQLRTKAWNRQLYPEWTEAQR","4","VSRQLRTKAWNQR","PSP","cis","1_11_22_23",2830,1,20.89,0.0098,4,""
"TSN2-4-1","TSN2","VSRQLRTKAWNRQLYPEWTEAQR","4","KAWNRQLYPEWTEAVSR","PSP","revCis","8_21_1_3",8347,1,27.5,0.0028,4,""
"TSN2-4-1","TSN2","VSRQLRTKAWNRQLYPEWTEAQR","4","SRQLQLY","PSP","cis","2_5_13_15",6465,1,27.55,0.0018,2,""
"TSN2-4-1","TSN2","VSRQLRTKAWNRQLYPEWTEAQR","4","RTKAWNRQLYPEWTEAVSR","PSP","revCis","6_21_1_3",7111,1,27.59,0.004,3,""
"TSN2-4-1","TSN2","VSRQLRTKAWNRQLYPEWTEAQR","4","TEAQRYPEWTEAQR","PSP","trans","19_23_15_23",9021,1,27.59,0.0023,2,""
"TSN2-4-1","TSN2","VSRQLRTKAWNRQLYPEWTEAQR","4","YPEWTE","PCP",NA,"15_20",9700,2,26.58,0.0022,1,""
"TSN2-4-1","TSN2","VSRQLRTKAWNRQLYPEWTEAQR","4","AQRAWNRQLYPEWTEAQR","PSP","trans","21_23_9_23",9413,1,24.26,0.0037,3,""
"TSN2-4-1","TSN2","VSRQLRTKAWNRQLYPEWTEAQR","4","TKAWNRQLYPEW","PCP",NA,"7_18",8984,1,28.33,0.0023,2,""
"TSN2-4-1","TSN2","VSRQLRTKAWNRQLYPEWTEAQR","4","PEWTEAAW","PSP","revCis","16_21_9_10",13559,1,28.72,0.0013,2,""
"TSN2-4-1","TSN2","VSRQLRTKAWNRQLYPEWTEAQR","4","YPEWTEAKAWNRQL","PSP","revCis","15_21_8_14",9864,1,28.99,0.0034,3,""
"TSN2-4-1","TSN2","VSRQLRTKAWNRQLYPEWTEAQR","4","SRNRQLYPEWTEAQR","PSP","cis","2_3_11_23",12094,1,29.23,0.0016,3,"Deamidated (NQ)"
"TSN2-4-1","TSN2","VSRQLRTKAWNRQLYPEWTEAQR","4","QLYPEWTEAVSRQLR","PSP","revCis","13_21_1_6",11056,1,29.61,0.0015,3,""
"TSN2-4-1","TSN2","VSRQLRTKAWNRQLYPEWTEAQR","4","QLRTQLYPEWTEA","PSP","cis","4_7_13_21",10899,1,29.7,0.0011,2,""
"TSN2-4-1","TSN2","VSRQLRTKAWNRQLYPEWTEAQR","4","VSRQLQL","PSP","trans;cis","1_5_4_5;1_5_13_14",5548,1,29.14,0.0012,2,""
"TSN2-4-1","TSN2","VSRQLRTKAWNRQLYPEWTEAQR","4","QLVSRQL","PSP","trans;revCis","4_5_1_5;13_14_1_5",4726,1,28.61,0.0014,2,""
"TSN2-4-1","TSN2","VSRQLRTKAWNRQLYPEWTEAQR","4","QLYPEKAWNRQ","PSP","trans","13_17_8_13",9958,1,23.92,0.0049,2,"2 Deamidated (NQ)"
"TSN2-4-1","TSN2","VSRQLRTKAWNRQLYPEWTEAQR","4","QLYPEWTEAVS","PSP","revCis","13_21_1_2",17188,1,22.73,0.0053,2,""
"TSN2-4-1","TSN2","VSRQLRTKAWNRQLYPEWTEAQR","4","QLYPEWTEAVS","PSP","revCis","13_21_1_2",13726,1,20.13,0.0097,2,""
"TSN2-4-1","TSN2","VSRQLRTKAWNRQLYPEWTEAQR","4","EAQWNRQLYPEWTEAQR","PSP","trans","20_22_10_23",10874,1,29.99,0.001,3,"Deamidated (NQ)"
"TSN2-4-1","TSN2","VSRQLRTKAWNRQLYPEWTEAQR","4","QLYPEWTEARTKA","PSP","revCis","13_21_6_9",7347,1,30.03,0.0011,3,""
"TSN2-4-1","TSN2","VSRQLRTKAWNRQLYPEWTEAQR","4","RTRTKAWNRQLYPEWTEAQR","PSP","trans","6_7_6_23",5675,1,25.66,0.0058,4,""
"TSN2-4-1","TSN2","VSRQLRTKAWNRQLYPEWTEAQR","4","NRQLYPEWT","PCP",NA,"11_19",8662,1,30.49,0.0011,2,""
"TSN2-4-1","TSN2","VSRQLRTKAWNRQLYPEWTEAQR","4","KAWNRQLYPEWTEAV","PSP","revCis","8_21_1_1",10341,1,26.56,0.0033,2,""
"TSN2-4-1","TSN2","VSRQLRTKAWNRQLYPEWTEAQR","4","AVSRQLRTKAWNR","PSP","trans;revCis","9_9_1_12;21_21_1_12",3441,1,31.04,0.00079,4,"Deamidated (NQ)"
"TSN2-4-1","TSN2","VSRQLRTKAWNRQLYPEWTEAQR","4","VSRNRQLYPEWTEAQR","PSP","cis","1_3_11_23",8032,1,31.23,0.00098,4,""
"TSN2-4-1","TSN2","VSRQLRTKAWNRQLYPEWTEAQR","4","KAWQLYPEWTEA","PSP","cis","8_10_13_21",12822,1,31.24,0.0011,2,""
"TSN2-4-1","TSN2","VSRQLRTKAWNRQLYPEWTEAQR","4","QLYQLYPEW","PSP","trans","13_15_13_18",13935,1,31.37,0.00073,2,"2 Deamidated (NQ)"
"TSN2-4-1","TSN2","VSRQLRTKAWNRQLYPEWTEAQR","4","VSRQLRTKAWNRQLYYPEWTEAQR","PSP","trans","1_15_15_23",6992,1,29.47,0.0011,5,"3 Deamidated (NQ)"
"TSN2-4-1","TSN2","VSRQLRTKAWNRQLYPEWTEAQR","4","YPEWTEA","PCP",NA,"15_21",10337,2,21.77,0.0067,1,""
"TSN2-4-1","TSN2","VSRQLRTKAWNRQLYPEWTEAQR","4","PEWTEAY","PSP","revCis","16_21_15_15",10119,1,22.45,0.0057,1,""
"TSN2-4-1","TSN2","VSRQLRTKAWNRQLYPEWTEAQR","4","WNRQLYPEWTEAQL","PSP","revCis;trans;revCis;trans","10_22_5_5;10_22_14_14;10_21_4_5;10_21_13_14",12927,1,32.29,0.00065,2,""
"TSN2-4-1","TSN2","VSRQLRTKAWNRQLYPEWTEAQR","4","NRQLYLRTKAWNRQLYPEWTEAQR","PSP","trans","11_15_5_23",7278,1,28.94,0.0013,4,"4 Deamidated (NQ)"
"TSN2-4-1","TSN2","VSRQLRTKAWNRQLYPEWTEAQR","4","NRQLYPEWTEAKAWNR","PSP","trans","11_21_8_12",7772,1,32.52,0.00056,4,""
"TSN2-4-1","TSN2","VSRQLRTKAWNRQLYPEWTEAQR","4","WNRLYPEWTEAQR","PSP","cis","10_12_14_23",9875,1,33.14,0.00097,2,"Deamidated (NQ)"
"TSN2-4-1","TSN2","VSRQLRTKAWNRQLYPEWTEAQR","4","RTKAWNRQLYPEWTE","PCP",NA,"6_20",7163,2,32.93,0.0018,2,""
"TSN2-4-1","TSN2","VSRQLRTKAWNRQLYPEWTEAQR","4","WNRQLYPEWTEAVS","PSP","revCis","10_21_1_2",12002,1,33.67,0.00043,2,""
"TSN2-4-1","TSN2","VSRQLRTKAWNRQLYPEWTEAQR","4","KAWNRQLYPEWEAQR","PSP","cis","8_18_20_23",6604,1,34.14,0.00039,3,""
"TSN2-4-1","TSN2","VSRQLRTKAWNRQLYPEWTEAQR","4","KQLYPEWTEAQR","PSP","cis","8_8_13_23",8796,1,31.18,0.00076,2,"Deamidated (NQ)"
"TSN2-4-1","TSN2","VSRQLRTKAWNRQLYPEWTEAQR","4","RTKAWNRQLYPEW","PCP",NA,"6_18",6978,1,34.58,0.00099,2,""
"TSN2-4-1","TSN2","VSRQLRTKAWNRQLYPEWTEAQR","4","TEAQQLRTKAWNRQLYPEWTEAQR","PSP","trans","19_22_4_23",9915,1,29.7,0.0013,4,"4 Deamidated (NQ)"
"TSN2-4-1","TSN2","VSRQLRTKAWNRQLYPEWTEAQR","4","VSRQLRTKAWNRQLYEWTEAQR","PSP","cis","1_15_17_23",5380,1,20.95,0.01,5,"2 Deamidated (NQ)"
"TSN2-4-1","TSN2","VSRQLRTKAWNRQLYPEWTEAQR","4","VSRQLRTKAWNRQLYEWTEAQR","PSP","cis","1_15_17_23",5449,1,27.31,0.0037,4,""
"TSN2-4-1","TSN2","VSRQLRTKAWNRQLYPEWTEAQR","4","YPEWTEART","PSP","revCis","15_21_6_7",6990,1,36.3,0.00023,2,""
"TSN2-4-1","TSN2","VSRQLRTKAWNRQLYPEWTEAQR","4","NRQLYPEWTEAVSRQLRT","PSP","revCis","11_21_1_7",9519,1,31.87,0.0013,3,""
"TSN2-4-1","TSN2","VSRQLRTKAWNRQLYPEWTEAQR","4","NRQLYPEWTEART","PSP","revCis","11_21_6_7",6930,1,36.48,0.00045,3,""
"TSN2-4-1","TSN2","VSRQLRTKAWNRQLYPEWTEAQR","4","PEWTEAVS","PSP","revCis","16_21_1_2",9347,1,36.49,0.00022,1,""
"TSN2-4-1","TSN2","VSRQLRTKAWNRQLYPEWTEAQR","4","QLYPEWTEARTKAW","PSP","revCis","13_21_6_10",9808,1,36.54,0.00027,3,""
"TSN2-4-1","TSN2","VSRQLRTKAWNRQLYPEWTEAQR","4","QLQLYPEWTEAQR","PSP","cis;trans","4_5_13_23;13_14_13_23",11603,1,37.47,0.00018,3,""
"TSN2-4-1","TSN2","VSRQLRTKAWNRQLYPEWTEAQR","4","RQLYPEWTEAVS","PSP","revCis","12_21_1_2",10368,1,37.48,0.00023,2,""
"TSN2-4-1","TSN2","VSRQLRTKAWNRQLYPEWTEAQR","4","WTLYPEWTEAQR","PSP","trans","18_19_14_23",8447,1,37.63,0.00017,2,""
"TSN2-4-1","TSN2","VSRQLRTKAWNRQLYPEWTEAQR","4","PEWTEARTKAWNR","PSP","revCis","16_21_6_12",7614,1,20.59,0.0087,3,""
"TSN2-4-1","TSN2","VSRQLRTKAWNRQLYPEWTEAQR","4","PEWTEARTKAWNR","PSP","revCis","16_21_6_12",4560,1,27.43,0.0018,4,""
"TSN2-4-1","TSN2","VSRQLRTKAWNRQLYPEWTEAQR","4","AWNRQLYPEWT","PCP",NA,"9_19",11137,1,38.28,0.00017,2,""
"TSN2-4-1","TSN2","VSRQLRTKAWNRQLYPEWTEAQR","4","SNRQLYPEWTEAQR","PSP","cis","2_2_11_23",9872,1,38.64,0.00015,2,"Deamidated (NQ)"
"TSN2-4-1","TSN2","VSRQLRTKAWNRQLYPEWTEAQR","4","PEWTEA","PCP",NA,"16_21",7459,1,21.28,0.0074,1,""
"TSN2-4-1","TSN2","VSRQLRTKAWNRQLYPEWTEAQR","4","PEWTEA","PCP",NA,"16_21",12706,1,21.36,0.0073,1,""
"TSN2-4-1","TSN2","VSRQLRTKAWNRQLYPEWTEAQR","4","KAWNRQLYPEW","PCP",NA,"8_18",8751,1,35.93,0.00028,2,""
"TSN2-4-1","TSN2","VSRQLRTKAWNRQLYPEWTEAQR","4","YPEWTEAV","PSP","revCis","15_21_1_1",12557,1,34.11,0.00039,2,""
"TSN2-4-1","TSN2","VSRQLRTKAWNRQLYPEWTEAQR","4","PEWTEAQLYPEWTEA","PSP","trans;trans","16_22_14_21;16_21_13_21",15945,1,39.96,1e-04,2,""
"TSN2-4-1","TSN2","VSRQLRTKAWNRQLYPEWTEAQR","4","VSRQLRTKAWNRQLYPEWTEAVSRQL","PSP","trans","1_21_1_5",9264,1,40.53,8.9e-05,4,""
"TSN2-4-1","TSN2","VSRQLRTKAWNRQLYPEWTEAQR","4","VSQLRTKAWNRQL","PSP","cis","1_2_4_14",4288,1,30.78,0.00084,3,""
"TSN2-4-1","TSN2","VSRQLRTKAWNRQLYPEWTEAQR","4","NRQLYPEWTE","PCP",NA,"11_20",8863,2,39.47,0.00014,2,""
"TSN2-4-1","TSN2","VSRQLRTKAWNRQLYPEWTEAQR","4","WNRQLYPEWTEAVSRQL","PSP","revCis","10_21_1_5",12102,1,41.11,1e-04,3,""
"TSN2-4-1","TSN2","VSRQLRTKAWNRQLYPEWTEAQR","4","VSRLRTKAWNRQLYPEWTEAQR","PSP","cis","1_3_5_23",6105,1,32.38,0.0012,4,""
"TSN2-4-1","TSN2","VSRQLRTKAWNRQLYPEWTEAQR","4","AWNRQLYPEWTEAQ","PCP",NA,"9_22",11123,1,41.44,8.3e-05,2,""
"TSN2-4-1","TSN2","VSRQLRTKAWNRQLYPEWTEAQR","4","SRRTKAWNRQLYPEWTEAQR","PSP","cis","2_3_6_23",7376,1,34.74,0.00047,3,""
"TSN2-4-1","TSN2","VSRQLRTKAWNRQLYPEWTEAQR","4","PEWTEAKAWNR","PSP","revCis","16_21_8_12",6247,1,41.54,7e-05,3,""
"TSN2-4-1","TSN2","VSRQLRTKAWNRQLYPEWTEAQR","4","RQLYPEWTEAQL","PSP","revCis;trans;revCis;trans","12_22_5_5;12_22_14_14;12_21_4_5;12_21_13_14",11581,1,41.54,0.00012,2,""
"TSN2-4-1","TSN2","VSRQLRTKAWNRQLYPEWTEAQR","4","QLRTKAWNRQLYPEWTEA","PCP",NA,"4_21",8232,2,31.67,0.0024,2,""
"TSN2-4-1","TSN2","VSRQLRTKAWNRQLYPEWTEAQR","4","RQLYPEWTEAV","PSP","revCis","12_21_1_1",11436,1,20.09,0.0098,2,"Deamidated (NQ)"
"TSN2-4-1","TSN2","VSRQLRTKAWNRQLYPEWTEAQR","4","RQLYPEWTEAV","PSP","revCis","12_21_1_1",10953,1,34.57,0.00035,2,""
"TSN2-4-1","TSN2","VSRQLRTKAWNRQLYPEWTEAQR","4","TKAWNRQLYPEWTEA","PCP",NA,"7_21",9130,2,40.71,2e-04,2,""
"TSN2-4-1","TSN2","VSRQLRTKAWNRQLYPEWTEAQR","4","TEAVSRQL","PSP","revCis","19_21_1_5",3519,1,26.85,0.0021,2,""
"TSN2-4-1","TSN2","VSRQLRTKAWNRQLYPEWTEAQR","4","TEAVSRQL","PSP","revCis","19_21_1_5",3331,1,28.32,0.0015,2,""
"TSN2-4-1","TSN2","VSRQLRTKAWNRQLYPEWTEAQR","4","AWNRQLYPEWTEART","PSP","revCis","9_21_6_7",9160,1,42.52,5.6e-05,3,""
"TSN2-4-1","TSN2","VSRQLRTKAWNRQLYPEWTEAQR","4","SRQLRTKAWNR","PCP",NA,"2_12",2834,1,32.09,0.00074,3,""
"TSN2-4-1","TSN2","VSRQLRTKAWNRQLYPEWTEAQR","4","SRQLRTKAWNR","PCP",NA,"2_12",2875,1,23.88,0.0045,4,""
"TSN2-4-1","TSN2","VSRQLRTKAWNRQLYPEWTEAQR","4","QLYPEWTEAAWNR","PSP","revCis","13_21_9_12",12507,1,43.09,6.1e-05,3,""
"TSN2-4-1","TSN2","VSRQLRTKAWNRQLYPEWTEAQR","4","YPEWTEAVSRQLRTK","PSP","revCis","15_21_1_8",8289,1,31.87,0.00065,4,""
"TSN2-4-1","TSN2","VSRQLRTKAWNRQLYPEWTEAQR","4","YPEWTEAVSRQLRTK","PSP","revCis","15_21_1_8",8092,1,24.41,0.0036,4,""
"TSN2-4-1","TSN2","VSRQLRTKAWNRQLYPEWTEAQR","4","YPEWEAQR","PSP","cis","15_18_20_23",6169,1,43.55,4.4e-05,2,""
"TSN2-4-1","TSN2","VSRQLRTKAWNRQLYPEWTEAQR","4","VSRQLAWNR","PSP","cis","1_5_9_12",3815,1,43.65,4.3e-05,3,""
"TSN2-4-1","TSN2","VSRQLRTKAWNRQLYPEWTEAQR","4","AWNRQLY","PCP",NA,"9_15",6689,1,30.64,0.00086,2,""
"TSN2-4-1","TSN2","VSRQLRTKAWNRQLYPEWTEAQR","4","AWNRQLY","PCP",NA,"9_15",6713,1,26.11,0.0024,1,""
"TSN2-4-1","TSN2","VSRQLRTKAWNRQLYPEWTEAQR","4","QLYPEWEAQR","PSP","cis","13_18_20_23",8541,1,43.91,4.1e-05,2,""
"TSN2-4-1","TSN2","VSRQLRTKAWNRQLYPEWTEAQR","4","VSRQLQLYPEWTEA","PSP","cis","1_5_13_21",11736,1,34.88,0.00033,2,""
"TSN2-4-1","TSN2","VSRQLRTKAWNRQLYPEWTEAQR","4","KAWNRQLY","PCP",NA,"8_15",4449,1,44.89,3.2e-05,2,""
"TSN2-4-1","TSN2","VSRQLRTKAWNRQLYPEWTEAQR","4","YPEWTEAKAW","PSP","revCis","15_21_8_10",11038,1,45.15,3.1e-05,2,""
"TSN2-4-1","TSN2","VSRQLRTKAWNRQLYPEWTEAQR","4","KAWNRQLYPEWTEAVSRQL","PSP","revCis","8_21_1_5",10629,1,24.49,0.014,4,""
"TSN2-4-1","TSN2","VSRQLRTKAWNRQLYPEWTEAQR","4","WNRQLYPEWT","PCP",NA,"10_19",10762,1,46.44,2.3e-05,2,""
"TSN2-4-1","TSN2","VSRQLRTKAWNRQLYPEWTEAQR","4","QLRTKAWNRQLYPEW","PCP",NA,"4_18",8089,1,34.45,0.00077,2,""
"TSN2-4-1","TSN2","VSRQLRTKAWNRQLYPEWTEAQR","4","QLRTQLYPEWTEAQR","PSP","cis","4_7_13_23",8328,1,48.63,1.4e-05,3,""
"TSN2-4-1","TSN2","VSRQLRTKAWNRQLYPEWTEAQR","4","RTKARTKAWNRQLYPEWTEAQR","PSP","trans","6_9_6_23",6319,1,49.26,1.4e-05,4,""
"TSN2-4-1","TSN2","VSRQLRTKAWNRQLYPEWTEAQR","4","SRQLRAWNRQLYPEWTEAQR","PSP","cis","2_6_9_23",6480,1,32.05,0.00062,4,"Deamidated (NQ)"
"TSN2-4-1","TSN2","VSRQLRTKAWNRQLYPEWTEAQR","4","PEWTEANRQLYPEWTEA","PSP","trans","16_21_11_21",12369,1,51.99,6.3e-06,2,""
"TSN2-4-1","TSN2","VSRQLRTKAWNRQLYPEWTEAQR","4","AWNRQLYPEWTEAVSRQL","PSP","revCis","9_21_1_5",12314,1,52.62,5.5e-06,3,""
"TSN2-4-1","TSN2","VSRQLRTKAWNRQLYPEWTEAQR","4","QLYPEWTEART","PSP","revCis","13_21_6_7",9352,1,52.83,7.8e-06,2,""
"TSN2-4-1","TSN2","VSRQLRTKAWNRQLYPEWTEAQR","4","QLYPEWTEAQLRTK","PSP","revCis;revCis","13_22_5_8;13_21_4_8",8919,1,53.51,4.5e-06,3,""
"TSN2-4-1","TSN2","VSRQLRTKAWNRQLYPEWTEAQR","4","VSRQLYPEWTEAQR","PSP","cis;cis;cis;cis","1_5_15_23;1_4_14_23;1_3_13_23;1_2_12_23",7054,1,54.2,6.8e-06,3,""
"TSN2-4-1","TSN2","VSRQLRTKAWNRQLYPEWTEAQR","4","RTKAWNRQLYPEWTEAVSRQL","PSP","revCis","6_21_1_5",9763,1,21.39,0.023,4,""
"TSN2-4-1","TSN2","VSRQLRTKAWNRQLYPEWTEAQR","4","RTKAWNRQLYPEWTEAVSRQL","PSP","revCis","6_21_1_5",9552,1,40.36,0.00029,4,""
"TSN2-4-1","TSN2","VSRQLRTKAWNRQLYPEWTEAQR","4","QLYPEWVSRQL","PSP","revCis","13_18_1_5",12072,1,56.95,2.6e-06,2,""
"TSN2-4-1","TSN2","VSRQLRTKAWNRQLYPEWTEAQR","4","YPEWTEAVSR","PSP","revCis","15_21_1_3",8720,1,53.27,4.7e-06,2,""
"TSN2-4-1","TSN2","VSRQLRTKAWNRQLYPEWTEAQR","4","QLYPEWTEANRQLY","PSP","trans","13_21_11_15",11817,1,57.6,1.7e-06,2,""
"TSN2-4-1","TSN2","VSRQLRTKAWNRQLYPEWTEAQR","4","NRQLYPEWTEAVS","PSP","revCis","11_21_1_2",10380,1,57.76,1.7e-06,2,""
"TSN2-4-1","TSN2","VSRQLRTKAWNRQLYPEWTEAQR","4","TEAQLYPEWTEAQR","PSP","trans;trans","19_22_14_23;19_21_13_23",9867,1,58.6,1.4e-06,2,""
"TSN2-4-1","TSN2","VSRQLRTKAWNRQLYPEWTEAQR","4","VSRQLQLYPEWTEAQR","PSP","cis","1_5_13_23",9173,1,58.61,1.4e-06,3,""
"TSN2-4-1","TSN2","VSRQLRTKAWNRQLYPEWTEAQR","4","PEWTEAVSR","PSP","revCis","16_21_1_3",6613,1,58.82,1.3e-06,2,""
"TSN2-4-1","TSN2","VSRQLRTKAWNRQLYPEWTEAQR","4","AWNRQLYPEWTEAVSR","PSP","revCis","9_21_1_3",10290,1,58.86,2.2e-06,3,""
"TSN2-4-1","TSN2","VSRQLRTKAWNRQLYPEWTEAQR","4","RQLYPEW","PCP",NA,"12_18",9432,2,22.09,0.0071,2,"Deamidated (NQ)"
"TSN2-4-1","TSN2","VSRQLRTKAWNRQLYPEWTEAQR","4","RQLYPEW","PCP",NA,"12_18",9020,1,33.27,0.00049,1,""
"TSN2-4-1","TSN2","VSRQLRTKAWNRQLYPEWTEAQR","4","RQLYPEW","PCP",NA,"12_18",9012,1,29.75,0.0011,2,""
"TSN2-4-1","TSN2","VSRQLRTKAWNRQLYPEWTEAQR","4","NRQLYPEWTEAY","PSP","trans","11_21_15_15",10818,1,59.51,1.1e-06,2,""
"TSN2-4-1","TSN2","VSRQLRTKAWNRQLYPEWTEAQR","4","NRQLYPEWTEAQLY","PSP","trans;trans","11_22_14_15;11_21_13_15",12377,1,59.81,1e-06,2,""
"TSN2-4-1","TSN2","VSRQLRTKAWNRQLYPEWTEAQR","4","NRQLYPEWTEAVSRQLRTK","PSP","revCis","11_21_1_8",8256,1,52.37,5.8e-06,3,""
"TSN2-4-1","TSN2","VSRQLRTKAWNRQLYPEWTEAQR","4","YPEWTEAAWNR","PSP","revCis","15_21_9_12",10813,1,60.43,9.1e-07,2,""
"TSN2-4-1","TSN2","VSRQLRTKAWNRQLYPEWTEAQR","4","NRQLYPEWTEAW","PSP","revCis;trans;revCis","11_21_10_10;11_21_18_18;11_20_9_10",12962,1,60.69,1.9e-06,2,""
"TSN2-4-1","TSN2","VSRQLRTKAWNRQLYPEWTEAQR","4","QLYPEWTEATKAWNR","PSP","revCis","13_21_7_12",10579,1,56.67,5.3e-06,3,""
"TSN2-4-1","TSN2","VSRQLRTKAWNRQLYPEWTEAQR","4","WNRQLYPEWTEAV","PSP","revCis","10_21_1_1",13428,1,26.48,0.0038,2,"Deamidated (NQ)"
"TSN2-4-1","TSN2","VSRQLRTKAWNRQLYPEWTEAQR","4","WNRQLYPEWTEAV","PSP","revCis","10_21_1_1",12479,1,50.62,1.8e-05,2,""
"TSN2-4-1","TSN2","VSRQLRTKAWNRQLYPEWTEAQR","4","NRQLYPEWTEAQLRT","PSP","revCis;revCis","11_22_5_7;11_21_4_7",8986,1,66.14,2.9e-07,3,""
"TSN2-4-1","TSN2","VSRQLRTKAWNRQLYPEWTEAQR","4","PEWTEAV","PSP","revCis","16_21_1_1",10381,1,28.7,0.0013,1,""
"TSN2-4-1","TSN2","VSRQLRTKAWNRQLYPEWTEAQR","4","PEWTEAV","PSP","revCis","16_21_1_1",14457,1,29.21,0.0012,1,""
"TSN2-4-1","TSN2","VSRQLRTKAWNRQLYPEWTEAQR","4","PEWTEAV","PSP","revCis","16_21_1_1",10384,1,34.77,0.00033,2,""
"TSN2-4-1","TSN2","VSRQLRTKAWNRQLYPEWTEAQR","4","KAWNRQLYPEWTEA","PCP",NA,"8_21",9415,2,28.12,0.0041,2,"Deamidated (NQ)"
"TSN2-4-1","TSN2","VSRQLRTKAWNRQLYPEWTEAQR","4","KAWNRQLYPEWTEA","PCP",NA,"8_21",8921,2,35.94,0.00069,2,""
"TSN2-4-1","TSN2","VSRQLRTKAWNRQLYPEWTEAQR","4","QLYPEWTEAKAWNRQL","PSP","trans","13_21_8_14",11159,1,70.84,1.1e-07,3,""
"TSN2-4-1","TSN2","VSRQLRTKAWNRQLYPEWTEAQR","4","WNRQLYPEW","PCP",NA,"10_18",12119,1,29.32,0.0012,2,"Deamidated (NQ)"
"TSN2-4-1","TSN2","VSRQLRTKAWNRQLYPEWTEAQR","4","WNRQLYPEW","PCP",NA,"10_18",11561,1,32.44,0.00057,2,"Deamidated (NQ)"
"TSN2-4-1","TSN2","VSRQLRTKAWNRQLYPEWTEAQR","4","WNRQLYPEW","PCP",NA,"10_18",11087,1,34.35,0.00037,2,""
"TSN2-4-1","TSN2","VSRQLRTKAWNRQLYPEWTEAQR","4","RQLYPEWTEA","PCP",NA,"12_21",9156,1,37.77,0.00043,1,""
"TSN2-4-1","TSN2","VSRQLRTKAWNRQLYPEWTEAQR","4","QLYPEWTEAKAWNR","PSP","revCis","13_21_8_12",9725,1,31.42,0.0019,2,""
"TSN2-4-1","TSN2","VSRQLRTKAWNRQLYPEWTEAQR","4","QLYPEWTEAKAWNR","PSP","revCis","13_21_8_12",9660,1,57.51,4.8e-06,3,""
"TSN2-4-1","TSN2","VSRQLRTKAWNRQLYPEWTEAQR","4","YPEWTEARTKA","PSP","revCis","15_21_6_9",5453,1,20.77,0.0084,3,""
"TSN2-4-1","TSN2","VSRQLRTKAWNRQLYPEWTEAQR","4","YPEWTEARTKA","PSP","revCis","15_21_6_9",5071,1,27.86,0.0016,3,""
"TSN2-4-1","TSN2","VSRQLRTKAWNRQLYPEWTEAQR","4","YPEWTEARTKA","PSP","revCis","15_21_6_9",5450,1,55.5,2.8e-06,2,""
"TSN2-4-1","TSN2","VSRQLRTKAWNRQLYPEWTEAQR","4","AWNRQLYPEWTEAV","PSP","revCis","9_21_1_1",12766,1,67.66,2.1e-07,2,""
"TSN2-4-1","TSN2","VSRQLRTKAWNRQLYPEWTEAQR","4","AWNRQLYPEWTEAV","PSP","revCis","9_21_1_1",12956,1,20.97,0.0096,2,""
"TSN2-4-1","TSN2","VSRQLRTKAWNRQLYPEWTEAQR","4","RTKAWNRQLY","PCP",NA,"6_15",3659,1,37.01,0.00021,3,"Deamidated (NQ)"
"TSN2-4-1","TSN2","VSRQLRTKAWNRQLYPEWTEAQR","4","RTKAWNRQLY","PCP",NA,"6_15",3272,1,37.57,0.00018,3,""
"TSN2-4-1","TSN2","VSRQLRTKAWNRQLYPEWTEAQR","4","RTKAWNRQLY","PCP",NA,"6_15",3276,1,31.36,0.00077,2,""
"TSN2-4-1","TSN2","VSRQLRTKAWNRQLYPEWTEAQR","4","QLYPEWTNRQL","PSP","trans","13_19_11_14",10703,1,27.58,0.0017,2,"Deamidated (NQ)"
"TSN2-4-1","TSN2","VSRQLRTKAWNRQLYPEWTEAQR","4","QLYPEWTNRQL","PSP","trans","13_19_11_14",10897,1,65.62,2.7e-07,2,"Deamidated (NQ)"
"TSN2-4-1","TSN2","VSRQLRTKAWNRQLYPEWTEAQR","4","QLYPEWTEAVSR","PSP","revCis","13_21_1_3",11019,1,29.29,0.0015,2,""
"TSN2-4-1","TSN2","VSRQLRTKAWNRQLYPEWTEAQR","4","QLYPEWTEAVSR","PSP","revCis","13_21_1_3",10814,1,63.33,6e-07,2,""
"TSN2-4-1","TSN2","VSRQLRTKAWNRQLYPEWTEAQR","4","AWQLYPEWTEAQR","PSP","cis","9_10_13_23",13167,1,30.95,8e-04,2,"Deamidated (NQ)"
"TSN2-4-1","TSN2","VSRQLRTKAWNRQLYPEWTEAQR","4","AWQLYPEWTEAQR","PSP","cis","9_10_13_23",12879,1,62.81,6.3e-07,2,""
"TSN2-4-1","TSN2","VSRQLRTKAWNRQLYPEWTEAQR","4","PEWTEAVSRQL","PSP","revCis","16_21_1_5",9986,1,64.79,3.3e-07,2,""
"TSN2-4-1","TSN2","VSRQLRTKAWNRQLYPEWTEAQR","4","PEWTEAVSRQL","PSP","revCis","16_21_1_5",9973,1,30.17,0.00096,3,""
"TSN2-4-1","TSN2","VSRQLRTKAWNRQLYPEWTEAQR","4","QLYQLYPEWTEAQR","PSP","trans","13_15_13_23",10297,1,50.32,9.3e-06,2,"2 Deamidated (NQ)"
"TSN2-4-1","TSN2","VSRQLRTKAWNRQLYPEWTEAQR","4","QLYQLYPEWTEAQR","PSP","trans","13_15_13_23",10310,1,45,3.2e-05,3,"2 Deamidated (NQ)"
"TSN2-4-1","TSN2","VSRQLRTKAWNRQLYPEWTEAQR","4","AWNRQLYPEWEAQR","PSP","cis","9_18_20_23",8566,1,54.17,3.8e-06,3,""
"TSN2-4-1","TSN2","VSRQLRTKAWNRQLYPEWTEAQR","4","AWNRQLYPEWEAQR","PSP","cis","9_18_20_23",8590,1,42.31,5.9e-05,2,""
"TSN2-4-1","TSN2","VSRQLRTKAWNRQLYPEWTEAQR","4","RQLYPEWTEAVSRQL","PSP","revCis","12_21_1_5",11299,1,44.15,5e-05,3,"Deamidated (NQ)"
"TSN2-4-1","TSN2","VSRQLRTKAWNRQLYPEWTEAQR","4","RQLYPEWTEAVSRQL","PSP","revCis","12_21_1_5",10865,1,24.2,0.0053,2,""
"TSN2-4-1","TSN2","VSRQLRTKAWNRQLYPEWTEAQR","4","RQLYPEWTEAVSRQL","PSP","revCis","12_21_1_5",10787,1,41.68,9.5e-05,3,""
"TSN2-4-1","TSN2","VSRQLRTKAWNRQLYPEWTEAQR","4","NRQLYPEW","PCP",NA,"11_18",9408,1,20.34,0.012,2,"Deamidated (NQ)"
"TSN2-4-1","TSN2","VSRQLRTKAWNRQLYPEWTEAQR","4","NRQLYPEW","PCP",NA,"11_18",9161,1,30.14,0.0011,2,""
"TSN2-4-1","TSN2","VSRQLRTKAWNRQLYPEWTEAQR","4","NRQLYPEW","PCP",NA,"11_18",8960,1,36.53,0.00026,2,""
"TSN2-4-1","TSN2","VSRQLRTKAWNRQLYPEWTEAQR","4","NRQLYPEW","PCP",NA,"11_18",8988,1,40.76,9.7e-05,1,""
"TSN2-4-1","TSN2","VSRQLRTKAWNRQLYPEWTEAQR","4","RTKAWNRQLYPEWTEA","PCP",NA,"6_21",7805,1,38.03,0.00044,2,"Deamidated (NQ)"
"TSN2-4-1","TSN2","VSRQLRTKAWNRQLYPEWTEAQR","4","RTKAWNRQLYPEWTEA","PCP",NA,"6_21",7530,1,43.74,0.00013,2,""
"TSN2-4-1","TSN2","VSRQLRTKAWNRQLYPEWTEAQR","4","RTKAWNRQLYPEWTEA","PCP",NA,"6_21",7294,1,28.5,0.0044,2,""
"TSN2-4-1","TSN2","VSRQLRTKAWNRQLYPEWTEAQR","4","QLRTKAWNRQL","PCP",NA,"4_14",3463,1,36.02,0.00039,2,""
"TSN2-4-1","TSN2","VSRQLRTKAWNRQLYPEWTEAQR","4","QLRTKAWNRQL","PCP",NA,"4_14",3427,2,31.34,0.0011,3,""
"TSN2-4-1","TSN2","VSRQLRTKAWNRQLYPEWTEAQR","4","YPEWTEAKAWNR","PSP","revCis","15_21_8_12",8041,1,90.57,8.8e-10,3,""
"TSN2-4-1","TSN2","VSRQLRTKAWNRQLYPEWTEAQR","4","AWNRQLYPEWTE","PCP",NA,"9_20",11703,3,38.23,0.00033,2,"Deamidated (NQ)"
"TSN2-4-1","TSN2","VSRQLRTKAWNRQLYPEWTEAQR","4","AWNRQLYPEWTES","PSP","revCis","9_20_2_2",9617,1,30.64,0.0012,2,""
"TSN2-4-1","TSN2","VSRQLRTKAWNRQLYPEWTEAQR","4","AWNRQLYPEWTES","PSP","revCis","9_20_2_2",9634,1,28.37,0.002,3,""
"TSN2-4-1","TSN2","VSRQLRTKAWNRQLYPEWTEAQR","4","AWNRQLYPEWTES","PSP","revCis","9_20_2_2",11062,1,24.27,0.0052,3,""
"TSN2-4-1","TSN2","VSRQLRTKAWNRQLYPEWTEAQR","4","AWNRQLYPEWTES","PSP","revCis","9_20_2_2",10115,1,24.09,0.0055,2,""
"TSN2-4-1","TSN2","VSRQLRTKAWNRQLYPEWTEAQR","4","AWNRQLYPEWTES","PSP","revCis","9_20_2_2",9873,1,21.1,0.011,2,""
"TSN2-4-1","TSN2","VSRQLRTKAWNRQLYPEWTEAQR","4","PEWTEAQLY","PSP","revCis;revCis","16_22_14_15;16_21_13_15",13329,1,25.21,0.0047,1,"Deamidated (NQ)"
"TSN2-4-1","TSN2","VSRQLRTKAWNRQLYPEWTEAQR","4","PEWTEAQLY","PSP","revCis;revCis","16_22_14_15;16_21_13_15",13593,1,23.4,0.0053,1,""
"TSN2-4-1","TSN2","VSRQLRTKAWNRQLYPEWTEAQR","4","PEWTEAQLY","PSP","revCis;revCis","16_22_14_15;16_21_13_15",12864,1,22.41,0.0066,1,""
"TSN2-4-1","TSN2","VSRQLRTKAWNRQLYPEWTEAQR","4","QLYPEWTEANRQL","PSP","trans","13_21_11_14",10810,1,84,4e-09,2,""
"TSN2-4-1","TSN2","VSRQLRTKAWNRQLYPEWTEAQR","4","QLYPEWTEANRQL","PSP","trans","13_21_11_14",10826,1,32.07,0.00062,3,""
"TSN2-4-1","TSN2","VSRQLRTKAWNRQLYPEWTEAQR","4","YPEWTEAQR","PCP",NA,"15_23",7041,1,38.27,0.00015,2,"Deamidated (NQ)"
"TSN2-4-1","TSN2","VSRQLRTKAWNRQLYPEWTEAQR","4","YPEWTEAQR","PCP",NA,"15_23",6614,1,43.74,4.2e-05,1,""
"TSN2-4-1","TSN2","VSRQLRTKAWNRQLYPEWTEAQR","4","YPEWTEAQR","PCP",NA,"15_23",6608,1,47.95,1.6e-05,2,""
"TSN2-4-1","TSN2","VSRQLRTKAWNRQLYPEWTEAQR","4","WNRQLYPEWTEA","PCP",NA,"10_21",11989,2,33.25,0.001,2,"Deamidated (NQ)"
"TSN2-4-1","TSN2","VSRQLRTKAWNRQLYPEWTEAQR","4","WNRQLYPEWTEA","PCP",NA,"10_21",11488,3,35.99,0.00055,2,"Deamidated (NQ)"
"TSN2-4-1","TSN2","VSRQLRTKAWNRQLYPEWTEAQR","4","WNRQLYPEWTEA","PCP",NA,"10_21",11037,2,41.05,0.00017,2,""
"TSN2-4-1","TSN2","VSRQLRTKAWNRQLYPEWTEAQR","4","LYPEWTEAVSRQL","PSP","revCis","14_21_1_5",12846,1,79.46,1.1e-08,2,""
"TSN2-4-1","TSN2","VSRQLRTKAWNRQLYPEWTEAQR","4","LYPEWTEAVSRQL","PSP","revCis","14_21_1_5",12854,1,54.37,3.7e-06,3,""
"TSN2-4-1","TSN2","VSRQLRTKAWNRQLYPEWTEAQR","4","VSRQRTKAWNRQLYPEWTEAQR","PSP","cis","1_4_6_23",5830,1,28.34,0.0022,4,"Deamidated (NQ)"
"TSN2-4-1","TSN2","VSRQLRTKAWNRQLYPEWTEAQR","4","RQLYPEWTEA","PCP",NA,"12_21",9106,2,31.72,0.0017,2,""
"TSN2-4-1","TSN2","VSRQLRTKAWNRQLYPEWTEAQR","4","NRQLYPEWTEAV","PSP","revCis","11_21_1_1",11395,1,39.52,0.00011,2,"Deamidated (NQ)"
"TSN2-4-1","TSN2","VSRQLRTKAWNRQLYPEWTEAQR","4","NRQLYPEWTEAV","PSP","revCis","11_21_1_1",11139,1,56.77,3.8e-06,2,""
"TSN2-4-1","TSN2","VSRQLRTKAWNRQLYPEWTEAQR","4","NRQLYPEWTEAV","PSP","revCis","11_21_1_1",11355,1,27.09,0.0035,2,""
"TSN2-4-1","TSN2","VSRQLRTKAWNRQLYPEWTEAQR","4","NRQLYPEWTEAV","PSP","revCis","11_21_1_1",10941,1,61.54,1.3e-06,2,""
"TSN2-4-1","TSN2","VSRQLRTKAWNRQLYPEWTEAQR","4","YPEWTEAVSRQL","PSP","revCis","15_21_1_5",11749,1,68.99,1.6e-07,2,""
"TSN2-4-1","TSN2","VSRQLRTKAWNRQLYPEWTEAQR","4","YPEWTEAVSRQL","PSP","revCis","15_21_1_5",11613,1,31.39,0.00094,3,""
"TSN2-4-1","TSN2","VSRQLRTKAWNRQLYPEWTEAQR","4","YPEWTEAVSRQL","PSP","revCis","15_21_1_5",11552,1,71.59,9e-08,2,""
"TSN2-4-1","TSN2","VSRQLRTKAWNRQLYPEWTEAQR","4","AWNRQLYPEW","PCP",NA,"9_18",12415,1,35.06,0.00031,2,"Deamidated (NQ)"
"TSN2-4-1","TSN2","VSRQLRTKAWNRQLYPEWTEAQR","4","AWNRQLYPEW","PCP",NA,"9_18",11908,1,34.24,0.00038,2,"Deamidated (NQ)"
"TSN2-4-1","TSN2","VSRQLRTKAWNRQLYPEWTEAQR","4","AWNRQLYPEW","PCP",NA,"9_18",12907,1,25.04,0.0031,2,"Deamidated (NQ)"
"TSN2-4-1","TSN2","VSRQLRTKAWNRQLYPEWTEAQR","4","AWNRQLYPEW","PCP",NA,"9_18",11653,1,37.97,0.00018,2,""
"TSN2-4-1","TSN2","VSRQLRTKAWNRQLYPEWTEAQR","4","AWNRQLYPEW","PCP",NA,"9_18",12048,1,32.96,0.00056,2,""
"TSN2-4-1","TSN2","VSRQLRTKAWNRQLYPEWTEAQR","4","AWNRQLYPEW","PCP",NA,"9_18",11855,1,31.83,0.00072,2,""
"TSN2-4-1","TSN2","VSRQLRTKAWNRQLYPEWTEAQR","4","AWNRQLYPEW","PCP",NA,"9_18",11460,1,39.2,0.00013,2,""
"TSN2-4-1","TSN2","VSRQLRTKAWNRQLYPEWTEAQR","4","AQLYPEWTEAQR","PSP","trans;cis;trans","21_22_14_23;9_9_13_23;21_21_13_23",9720,1,34.73,0.00037,2,"Deamidated (NQ)"
"TSN2-4-1","TSN2","VSRQLRTKAWNRQLYPEWTEAQR","4","AQLYPEWTEAQR","PSP","trans;cis;trans","21_22_14_23;9_9_13_23;21_21_13_23",9695,1,32.19,0.00072,2,""
"TSN2-4-1","TSN2","VSRQLRTKAWNRQLYPEWTEAQR","4","NRQLYPEWTEAVSRQL","PSP","revCis","11_21_1_5",12264,1,30.42,0.00091,3,"Deamidated (NQ)"
"TSN2-4-1","TSN2","VSRQLRTKAWNRQLYPEWTEAQR","4","NRQLYPEWTEAVSRQL","PSP","revCis","11_21_1_5",11286,1,58.84,1.3e-06,3,"Deamidated (NQ)"
"TSN2-4-1","TSN2","VSRQLRTKAWNRQLYPEWTEAQR","4","NRQLYPEWTEAVSRQL","PSP","revCis","11_21_1_5",10868,1,62.3,5.9e-07,2,""
"TSN2-4-1","TSN2","VSRQLRTKAWNRQLYPEWTEAQR","4","NRQLYPEWTEAVSRQL","PSP","revCis","11_21_1_5",10825,1,56.31,2.3e-06,3,""
"TSN2-4-1","TSN2","VSRQLRTKAWNRQLYPEWTEAQR","4","NRQLYPEWTEAVSRQL","PSP","revCis","11_21_1_5",11031,1,59.9,1e-06,3,""
"TSN2-4-1","TSN2","VSRQLRTKAWNRQLYPEWTEAQR","4","QLYPEWTEANR","PSP","revCis","13_21_11_12",9104,1,39.59,2e-04,2,""
"TSN2-4-1","TSN2","VSRQLRTKAWNRQLYPEWTEAQR","4","QLRTKAWNRQLQLYPEWTEAQR","PSP","trans","4_14_13_23",4780,1,23.6,0.0044,5,""
"TSN2-4-1","TSN2","VSRQLRTKAWNRQLYPEWTEAQR","4","QLRTKAWNRQLQLYPEWTEAQR","PSP","trans","4_14_13_23",8866,1,20.23,0.0095,5,""
"TSN2-4-1","TSN2","VSRQLRTKAWNRQLYPEWTEAQR","4","EAQREWTEAQR","PSP","trans","20_23_17_23",13822,1,26.6,0.0022,1,""
"TSN2-4-1","TSN2","VSRQLRTKAWNRQLYPEWTEAQR","4","EAQREWTEAQR","PSP","trans","20_23_17_23",12787,1,20.58,0.0087,2,""
"TSN2-4-1","TSN2","VSRQLRTKAWNRQLYPEWTEAQR","4","EAQREWTEAQR","PSP","trans","20_23_17_23",12568,1,30.61,0.00087,2,""
"TSN2-4-1","TSN2","VSRQLRTKAWNRQLYPEWTEAQR","4","EAQREWTEAQR","PSP","trans","20_23_17_23",17725,1,34.99,0.00032,2,""
"TSN2-4-1","TSN2","VSRQLRTKAWNRQLYPEWTEAQR","4","EAQREWTEAQR","PSP","trans","20_23_17_23",13773,1,42.79,5.3e-05,2,""
"TSN2-4-1","TSN2","VSRQLRTKAWNRQLYPEWTEAQR","4","EAQREWTEAQR","PSP","trans","20_23_17_23",12003,1,43.83,4.1e-05,2,""
"TSN2-4-1","TSN2","VSRQLRTKAWNRQLYPEWTEAQR","4","EAQREWTEAQR","PSP","trans","20_23_17_23",12374,1,25.67,0.0027,2,""
"TSN2-4-1","TSN2","VSRQLRTKAWNRQLYPEWTEAQR","4","EAQREWTEAQR","PSP","trans","20_23_17_23",11042,1,22.62,0.0055,2,""
"TSN2-4-1","TSN2","VSRQLRTKAWNRQLYPEWTEAQR","4","EAQREWTEAQR","PSP","trans","20_23_17_23",13436,1,29.58,0.0011,2,""
"TSN2-4-1","TSN2","VSRQLRTKAWNRQLYPEWTEAQR","4","EAQREWTEAQR","PSP","trans","20_23_17_23",11264,1,26.85,0.0021,2,""
"TSN2-4-1","TSN2","VSRQLRTKAWNRQLYPEWTEAQR","4","EAQREWTEAQR","PSP","trans","20_23_17_23",11805,1,39.96,1e-04,2,""
"TSN2-4-1","TSN2","VSRQLRTKAWNRQLYPEWTEAQR","4","EAQREWTEAQR","PSP","trans","20_23_17_23",13598,1,27.65,0.0017,2,""
"TSN2-4-1","TSN2","VSRQLRTKAWNRQLYPEWTEAQR","4","EAQREWTEAQR","PSP","trans","20_23_17_23",11606,1,23.17,0.0048,2,""
"TSN2-4-1","TSN2","VSRQLRTKAWNRQLYPEWTEAQR","4","EAQREWTEAQR","PSP","trans","20_23_17_23",12190,1,25.15,0.0031,2,""
"TSN2-4-1","TSN2","VSRQLRTKAWNRQLYPEWTEAQR","4","EAQREWTEAQR","PSP","trans","20_23_17_23",14116,1,30.46,9e-04,2,""
"TSN2-4-1","TSN2","VSRQLRTKAWNRQLYPEWTEAQR","4","QLYPEWTEAVSRQL","PSP","revCis","13_21_1_5",13909,1,35.24,3e-04,3,"Deamidated (NQ)"
"TSN2-4-1","TSN2","VSRQLRTKAWNRQLYPEWTEAQR","4","QLYPEWTEAVSRQL","PSP","revCis","13_21_1_5",13879,1,78.17,3.7e-08,2,"Deamidated (NQ)"
"TSN2-4-1","TSN2","VSRQLRTKAWNRQLYPEWTEAQR","4","QLYPEWTEAVSRQL","PSP","revCis","13_21_1_5",13438,1,77.83,1.6e-08,2,""
"TSN2-4-1","TSN2","VSRQLRTKAWNRQLYPEWTEAQR","4","QLYPEWTEAVSRQL","PSP","revCis","13_21_1_5",13442,1,31.33,0.00074,3,""
"TSN2-4-1","TSN2","VSRQLRTKAWNRQLYPEWTEAQR","4","QLYPEWTEAVSRQL","PSP","revCis","13_21_1_5",13608,1,69.97,1e-07,2,""
"TSN2-4-1","TSN2","VSRQLRTKAWNRQLYPEWTEAQR","4","QLYPEWTEAVSRQL","PSP","revCis","13_21_1_5",13255,1,42.91,5.1e-05,3,""
"TSN2-4-1","TSN2","VSRQLRTKAWNRQLYPEWTEAQR","4","QLYPEWTEAVSRQL","PSP","revCis","13_21_1_5",13252,1,96.62,2.2e-10,2,""
"TSN2-4-1","TSN2","VSRQLRTKAWNRQLYPEWTEAQR","4","VSRQLRTKAWNR","PCP",NA,"1_12",2825,1,27.26,0.0022,2,""
"TSN2-4-1","TSN2","VSRQLRTKAWNRQLYPEWTEAQR","4","VSRQLRTKAWNR","PCP",NA,"1_12",3189,1,22.88,0.0059,4,""
"TSN2-4-1","TSN2","VSRQLRTKAWNRQLYPEWTEAQR","4","VSRQLRTKAWNR","PCP",NA,"1_12",3760,1,24.94,0.0037,4,""
"TSN2-4-1","TSN2","VSRQLRTKAWNRQLYPEWTEAQR","4","VSRQLRTKAWNR","PCP",NA,"1_12",14882,1,22.95,0.0058,4,""
"TSN2-4-1","TSN2","VSRQLRTKAWNRQLYPEWTEAQR","4","VSRQLRTKAWNR","PCP",NA,"1_12",9001,1,23.13,0.0056,4,""
"TSN2-4-1","TSN2","VSRQLRTKAWNRQLYPEWTEAQR","4","VSRQLRTKAWNR","PCP",NA,"1_12",3562,1,26.18,0.0028,4,""
"TSN2-4-1","TSN2","VSRQLRTKAWNRQLYPEWTEAQR","4","VSRQLRTKAWNR","PCP",NA,"1_12",15045,1,24.86,0.0038,4,""
"TSN2-4-1","TSN2","VSRQLRTKAWNRQLYPEWTEAQR","4","VSRQLRTKAWNR","PCP",NA,"1_12",18047,1,21.69,0.0078,4,""
"TSN2-4-1","TSN2","VSRQLRTKAWNRQLYPEWTEAQR","4","VSRQLRTKAWNR","PCP",NA,"1_12",9219,1,33.17,0.00055,4,""
"TSN2-4-1","TSN2","VSRQLRTKAWNRQLYPEWTEAQR","4","VSRQLRTKAWNR","PCP",NA,"1_12",11680,1,23.4,0.0053,4,""
"TSN2-4-1","TSN2","VSRQLRTKAWNRQLYPEWTEAQR","4","VSRQLRTKAWNR","PCP",NA,"1_12",5292,1,21.19,0.0087,4,""
"TSN2-4-1","TSN2","VSRQLRTKAWNRQLYPEWTEAQR","4","VSRQLRTKAWNR","PCP",NA,"1_12",6272,1,20.31,0.011,4,""
"TSN2-4-1","TSN2","VSRQLRTKAWNRQLYPEWTEAQR","4","VSRQLRTKAWNR","PCP",NA,"1_12",10497,1,25.31,0.0034,4,""
"TSN2-4-1","TSN2","VSRQLRTKAWNRQLYPEWTEAQR","4","VSRQLRTKAWNR","PCP",NA,"1_12",7928,1,24.06,0.0045,4,""
"TSN2-4-1","TSN2","VSRQLRTKAWNRQLYPEWTEAQR","4","VSRQLRTKAWNR","PCP",NA,"1_12",3966,1,29.1,0.0014,4,""
"TSN2-4-1","TSN2","VSRQLRTKAWNRQLYPEWTEAQR","4","VSRQLRTKAWNR","PCP",NA,"1_12",4378,1,23.04,0.0057,4,""
"TSN2-4-1","TSN2","VSRQLRTKAWNRQLYPEWTEAQR","4","VSRQLRTKAWNR","PCP",NA,"1_12",8767,1,29.03,0.0014,4,""
"TSN2-4-1","TSN2","VSRQLRTKAWNRQLYPEWTEAQR","4","VSRQLRTKAWNR","PCP",NA,"1_12",11089,1,29.04,0.0014,4,""
"TSN2-4-1","TSN2","VSRQLRTKAWNRQLYPEWTEAQR","4","VSRQLRTKAWNR","PCP",NA,"1_12",12653,1,25.99,0.0029,4,""
"TSN2-4-1","TSN2","VSRQLRTKAWNRQLYPEWTEAQR","4","VSRQLRTKAWNR","PCP",NA,"1_12",4579,1,23.05,0.0057,4,""
"TSN2-4-1","TSN2","VSRQLRTKAWNRQLYPEWTEAQR","4","VSRQLRTKAWNR","PCP",NA,"1_12",8558,1,27.17,0.0022,4,""
"TSN2-4-1","TSN2","VSRQLRTKAWNRQLYPEWTEAQR","4","VSRQLRTKAWNR","PCP",NA,"1_12",9448,1,23.94,0.0046,4,""
"TSN2-4-1","TSN2","VSRQLRTKAWNRQLYPEWTEAQR","4","VSRQLRTKAWNR","PCP",NA,"1_12",10072,1,20.34,0.011,4,""
"TSN2-4-1","TSN2","VSRQLRTKAWNRQLYPEWTEAQR","4","VSRQLRTKAWNR","PCP",NA,"1_12",9663,1,22.46,0.0065,4,""
"TSN2-4-1","TSN2","VSRQLRTKAWNRQLYPEWTEAQR","4","VSRQLRTKAWNR","PCP",NA,"1_12",10691,1,24.1,0.0045,4,""
"TSN2-4-1","TSN2","VSRQLRTKAWNRQLYPEWTEAQR","4","VSRQLRTKAWNR","PCP",NA,"1_12",12845,1,24.94,0.0037,4,""
"TSN2-4-1","TSN2","VSRQLRTKAWNRQLYPEWTEAQR","4","VSRQLRTKAWNR","PCP",NA,"1_12",3371,1,21.14,0.0088,4,""
"TSN2-4-1","TSN2","VSRQLRTKAWNRQLYPEWTEAQR","4","VSRQLRTKAWNR","PCP",NA,"1_12",12064,1,25.02,0.0036,4,""
"TSN2-4-1","TSN2","VSRQLRTKAWNRQLYPEWTEAQR","4","VSRQLRTKAWNR","PCP",NA,"1_12",13746,1,23.75,0.0048,4,""
"TSN2-4-1","TSN2","VSRQLRTKAWNRQLYPEWTEAQR","4","VSRQLRTKAWNR","PCP",NA,"1_12",16960,1,26.22,0.0027,4,""
"TSN2-4-1","TSN2","VSRQLRTKAWNRQLYPEWTEAQR","4","VSRQLRTKAWNR","PCP",NA,"1_12",27941,1,20.91,0.0093,4,""
"TSN2-4-1","TSN2","VSRQLRTKAWNRQLYPEWTEAQR","4","VSRQLRTKAWNR","PCP",NA,"1_12",4172,1,25.54,0.0032,4,""
"TSN2-4-1","TSN2","VSRQLRTKAWNRQLYPEWTEAQR","4","VSRQLRTKAWNR","PCP",NA,"1_12",8348,1,22.03,0.0072,4,""
"TSN2-4-1","TSN2","VSRQLRTKAWNRQLYPEWTEAQR","4","VSRQLRTKAWNR","PCP",NA,"1_12",11870,1,24.27,0.0043,4,""
"TSN2-4-1","TSN2","VSRQLRTKAWNRQLYPEWTEAQR","4","VSRQLRTKAWNR","PCP",NA,"1_12",11284,1,21.04,0.0091,4,""
"TSN2-4-1","TSN2","VSRQLRTKAWNRQLYPEWTEAQR","4","VSRQLRTKAWNR","PCP",NA,"1_12",4791,1,28.06,0.0018,4,""
"TSN2-4-1","TSN2","VSRQLRTKAWNRQLYPEWTEAQR","4","VSRQLRTKAWNR","PCP",NA,"1_12",7235,1,25.84,0.003,4,""
"TSN2-4-1","TSN2","VSRQLRTKAWNRQLYPEWTEAQR","4","VSRQLRTKAWNR","PCP",NA,"1_12",10289,1,21.33,0.0085,4,""
"TSN2-4-1","TSN2","VSRQLRTKAWNRQLYPEWTEAQR","4","VSRQLRTKAWNR","PCP",NA,"1_12",12441,1,25.73,0.0031,4,""
"TSN2-4-1","TSN2","VSRQLRTKAWNRQLYPEWTEAQR","4","VSRQLRTKAWNR","PCP",NA,"1_12",17510,1,22.23,0.0069,4,""
"TSN2-4-1","TSN2","VSRQLRTKAWNRQLYPEWTEAQR","4","VSRQLRTKAWNR","PCP",NA,"1_12",12255,1,24.46,0.0041,4,""
"TSN2-4-1","TSN2","VSRQLRTKAWNRQLYPEWTEAQR","4","VSRQLRTKAWNR","PCP",NA,"1_12",13931,1,20.54,0.01,4,""
"TSN2-4-1","TSN2","VSRQLRTKAWNRQLYPEWTEAQR","4","VSRQLRTKAWNR","PCP",NA,"1_12",9865,1,23.31,0.0054,4,""
"TSN2-4-1","TSN2","VSRQLRTKAWNRQLYPEWTEAQR","4","VSRQLRTKAWNR","PCP",NA,"1_12",16689,1,21.99,0.0073,4,""
"TSN2-4-1","TSN2","VSRQLRTKAWNRQLYPEWTEAQR","4","VSRQLRTKAWNR","PCP",NA,"1_12",1003,1,20.7,0.0098,4,""
"TSN2-4-1","TSN2","VSRQLRTKAWNRQLYPEWTEAQR","4","VSRQLRTKAWNR","PCP",NA,"1_12",2850,1,25.31,0.0034,4,""
"TSN89-4-1","TSN89","RTKAWNRQLYPEW","4","RTKAWNRQAW","PSP","trans","1_8_4_5",3226,1,20.94,0.0081,3,""
"TSN89-4-1","TSN89","RTKAWNRQLYPEW","4","WNQLYPEW","PSP","cis","5_6_8_13",13683,1,21.06,0.0078,2,""
"TSN89-4-1","TSN89","RTKAWNRQLYPEW","4","QLYPAW","PSP","revCis","8_11_4_5",11600,1,21.07,0.0078,1,""
"TSN89-4-1","TSN89","RTKAWNRQLYPEW","4","WNRQAWNR","PSP","trans","5_8_4_7",3434,1,22.1,0.0062,3,""
"TSN89-4-1","TSN89","RTKAWNRQLYPEW","4","AWNRQYPEW","PSP","cis","4_8_10_13",8463,1,20.96,0.008,2,""
"TSN89-4-1","TSN89","RTKAWNRQLYPEW","4","NRKAWNR","PSP","trans","6_7_3_7",2911,1,23,0.005,3,"Deamidated (NQ)"
"TSN89-4-1","TSN89","RTKAWNRQLYPEW","4","QLYQLYPEW","PSP","trans","8_10_8_13",12686,1,23.72,0.0042,2,"2 Deamidated (NQ)"
"TSN89-4-1","TSN89","RTKAWNRQLYPEW","4","RQLPEW","PSP","cis","7_9_11_13",6760,1,24.02,0.004,2,""
"TSN89-4-1","TSN89","RTKAWNRQLYPEW","4","WNRQLPEW","PSP","cis","5_9_11_13",9087,1,25.4,0.0029,2,""
"TSN89-4-1","TSN89","RTKAWNRQLYPEW","4","NRQLYP","PCP",NA,"6_11",4190,1,25.6,0.0028,2,""
"TSN89-4-1","TSN89","RTKAWNRQLYPEW","4","RTKWNRQLYPEW","PSP","cis","1_3_5_13",6539,1,26.98,0.002,2,""
"TSN89-4-1","TSN89","RTKAWNRQLYPEW","4","YPEWRTKAWNR","PSP","revCis","10_13_1_7",5089,1,27.48,0.0018,4,""
"TSN89-4-1","TSN89","RTKAWNRQLYPEW","4","RTLYPEW","PSP","cis","1_2_9_13",8439,1,28.17,0.0015,2,""
"TSN89-4-1","TSN89","RTKAWNRQLYPEW","4","AWNRQLYP","PCP",NA,"4_11",7208,1,29.08,0.0012,2,""
"TSN89-4-1","TSN89","RTKAWNRQLYPEW","4","NRQLYPEWRTK","PSP","revCis","6_13_1_3",4287,1,30.47,9e-04,3,""
"TSN89-4-1","TSN89","RTKAWNRQLYPEW","4","RTKAWAWNR","PSP","trans","1_5_4_7",3246,1,30.14,0.00097,3,""
"TSN89-4-1","TSN89","RTKAWNRQLYPEW","4","AWNRQLY","PCP",NA,"4_10",6321,1,24.27,0.0037,2,""
"TSN89-4-1","TSN89","RTKAWNRQLYPEW","4","AWNRQLY","PCP",NA,"4_10",6356,1,21.57,0.007,1,""
"TSN89-4-1","TSN89","RTKAWNRQLYPEW","4","NRQLYNRQLYPEW","PSP","trans","6_10_6_13",5660,1,28.95,0.0013,3,""
"TSN89-4-1","TSN89","RTKAWNRQLYPEW","4","WNRQQLYPEW","PSP","trans","5_8_8_13",10000,1,33.55,0.00044,2,""
"TSN89-4-1","TSN89","RTKAWNRQLYPEW","4","RTKAWNRQQLY","PSP","trans","1_8_8_10",3272,1,24.85,0.0033,3,""
"TSN89-4-1","TSN89","RTKAWNRQLYPEW","4","WNRQLYP","PCP",NA,"5_11",6754,1,36.61,0.00022,2,""
"TSN89-4-1","TSN89","RTKAWNRQLYPEW","4","QLYPEWRT","PSP","revCis","8_13_1_2",8000,1,37.81,0.00017,2,""
"TSN89-4-1","TSN89","RTKAWNRQLYPEW","4","RTKAWNR","PCP",NA,"1_7",5894,1,26.49,0.0022,3,""
"TSN89-4-1","TSN89","RTKAWNRQLYPEW","4","RTKAWNR","PCP",NA,"1_7",6847,1,22.67,0.0054,3,""
"TSN89-4-1","TSN89","RTKAWNRQLYPEW","4","RTKAWNR","PCP",NA,"1_7",2878,1,40.72,8.5e-05,3,""
"TSN89-4-1","TSN89","RTKAWNRQLYPEW","4","RTKAWNR","PCP",NA,"1_7",3292,1,25.1,0.0031,3,""
"TSN89-4-1","TSN89","RTKAWNRQLYPEW","4","RTKAWNR","PCP",NA,"1_7",3138,1,21.07,0.0078,3,""
"TSN89-4-1","TSN89","RTKAWNRQLYPEW","4","RTKAWNR","PCP",NA,"1_7",3970,1,21.62,0.0069,3,""
"TSN89-4-1","TSN89","RTKAWNRQLYPEW","4","RTKAWNR","PCP",NA,"1_7",5029,1,23.83,0.0041,3,""
"TSN89-4-1","TSN89","RTKAWNRQLYPEW","4","RTKAWNR","PCP",NA,"1_7",4153,1,25.19,0.003,3,""
"TSN89-4-1","TSN89","RTKAWNRQLYPEW","4","RTKAWNR","PCP",NA,"1_7",4842,1,26.83,0.0021,3,""
"TSN89-4-1","TSN89","RTKAWNRQLYPEW","4","RTKAWNR","PCP",NA,"1_7",4324,1,21.24,0.0075,3,""
"TSN89-4-1","TSN89","RTKAWNRQLYPEW","4","RTKAWNR","PCP",NA,"1_7",3633,1,21.82,0.0066,3,""
"TSN89-4-1","TSN89","RTKAWNRQLYPEW","4","RTKAWNR","PCP",NA,"1_7",5633,1,20.25,0.0094,3,""
"TSN89-4-1","TSN89","RTKAWNRQLYPEW","4","RTKAWNR","PCP",NA,"1_7",3459,1,24.83,0.0033,3,""
"TSN89-4-1","TSN89","RTKAWNRQLYPEW","4","RTKAWNR","PCP",NA,"1_7",3798,1,22.61,0.0055,3,""
"TSN89-4-1","TSN89","RTKAWNRQLYPEW","4","RTKAWNR","PCP",NA,"1_7",4492,1,21.12,0.0077,3,""
"TSN89-4-1","TSN89","RTKAWNRQLYPEW","4","RTKAWNR","PCP",NA,"1_7",2886,1,23.58,0.0044,2,""
"TSN89-4-1","TSN89","RTKAWNRQLYPEW","4","RTKAWNR","PCP",NA,"1_7",3010,1,24.13,0.0039,3,""
"TSN89-4-1","TSN89","RTKAWNRQLYPEW","4","RTKAWNR","PCP",NA,"1_7",4659,1,27,0.002,3,""
"TSN89-4-1","TSN89","RTKAWNRQLYPEW","4","RTKAWNR","PCP",NA,"1_7",5233,1,20.94,0.0081,3,""
"TSN89-4-1","TSN89","RTKAWNRQLYPEW","4","RTKAWNR","PCP",NA,"1_7",5416,1,21.43,0.0072,3,""
